﻿<?xml version="1.0" encoding="utf-8"?>
<Portfolio>
	<Trades>
		<Trade>
			<Ticker>MSFT</Ticker>
			<TradeDate>02-01-2018</TradeDate>
			<Action>BUY</Action>
			<Quantity>100</Quantity>
			<Price>85.95</Price>
			<Cost>8595.00</Cost>
		</Trade>
		<Trade>
			<Ticker>GOOG</Ticker>
			<TradeDate>02-01-2018</TradeDate>
			<Action>BUY</Action>
			<Quantity>50</Quantity>
			<Price>1065</Price>
			<Cost>53250.00</Cost>
		</Trade>
		<Trade>
			<Ticker>MSFT</Ticker>
			<TradeDate>10-01-2018</TradeDate>
			<Action>BUY</Action>
			<Quantity>150</Quantity>
			<Price>87.82</Price>
			<Cost>13173.00</Cost>
		</Trade>
		<Trade>
			<Ticker>IBM</Ticker>
			<TradeDate>10-01-2018</TradeDate>
			<Action>BUY</Action>
			<Quantity>150</Quantity>
			<Price>57.82</Price>
			<Cost>13173.00</Cost>
		</Trade>
		<Trade>
			<Ticker>IBM</Ticker>
			<TradeDate>10-02-2018</TradeDate>
			<Action>BUY</Action>
			<Quantity>150</Quantity>
			<Price>107.82</Price>
			<Cost>16173.00</Cost>
		</Trade>
		<Trade>
			<Ticker>IBM</Ticker>
			<TradeDate>10-03-2018</TradeDate>
			<Action>BUY</Action>
			<Quantity>100</Quantity>
			<Price>87.82</Price>
			<Cost>8782.00</Cost>
		</Trade>
		<Trade>
			<Ticker>IBM</Ticker>
			<TradeDate>10-04-2018</TradeDate>
			<Action>BUY</Action>
			<Quantity>10</Quantity>
			<Price>97.82</Price>
			<Cost>9782.00</Cost>
		</Trade>
		<Trade>
			<Ticker>IBM</Ticker>
			<TradeDate>10-05-2018</TradeDate>
			<Action>BUY</Action>
			<Quantity>50</Quantity>
			<Price>77.82</Price>
			<Cost>3891.00</Cost>
		</Trade>
		<Trade>
			<Ticker>IBM</Ticker>
			<TradeDate>10-06-2018</TradeDate>
			<Action>BUY</Action>
			<Quantity>150</Quantity>
			<Price>67.82</Price>
			<Cost>10173.00</Cost>
		</Trade>
	</Trades>
</Portfolio>
